-4.99135824969539,24.379772113094294
-4.983198630131892,23.34150503703083
-4.980782712195202,23.06679278928501
-4.979577662666715,23.086443219816445
-4.956535778578766,23.29130156060839
-4.9471677368431415,22.676318274174637
-4.947060071653249,23.22798503108342
-4.939192475277303,22.72409659201427
-4.932283529430461,22.83924853767852
-4.909692541549489,23.043112039620436
-4.865940842494028,22.202499233273617
-4.857446610820445,22.021969461741545
-4.8422787752172685,22.061791291102185
-4.811874454885267,22.848727111903646
-4.8112009407428875,22.280010208711904
-4.789868267945732,23.04151666330749
-4.780121003636868,21.790388718185547
-4.7781502060592596,22.332531977416373
-4.778048379212607,22.36676361218467
-4.774538653228554,22.131823776819505
-4.757837819677557,21.87780327205693
-4.751005962509329,22.13421798445525
-4.7467253237468965,20.9000972781831
-4.73835577239531,21.333882645468407
-4.7285311459671275,21.80609820535175
-4.671570597195668,21.38700074039384
-4.659132558549982,21.124586299004687
-4.645963340633669,22.106748122434645
-4.645689174505732,21.570149009080932
-4.638509361252692,21.371802489790728
-4.592362419892202,20.59235600918058
-4.58694078935708,20.332035683504063
-4.576858738246012,20.346279390342513
-4.565679875694566,21.402913382157152
-4.564294942403448,21.737577730670868
-4.549105889690704,20.50164814369558
-4.537200289189768,19.77886574183672
-4.512816662936302,19.058318886642247
-4.507334019310755,18.94534424012365
-4.507247702817169,19.624628249546927
-4.486656418683768,19.429544446558772
-4.483742897203628,19.550379109132507
-4.477698778323824,20.467290101900435
-4.476889401421601,19.612315323861313
-4.457583497445526,19.797986375003557
-4.403429114355671,19.375307992311683
-4.398751448321541,19.794962257024533
-4.386939563378443,19.034519506503067
-4.371678032255143,19.536141297411422
-4.363418555053599,18.378672632207117
-4.363047022632081,18.770260401924965
-4.362865874509859,18.649743233072623
-4.362782127361969,19.143582779100882
-4.358443574960333,20.034225887735907
-4.325053434016224,19.7455636836315
-4.310529133842928,19.306234941784584
-4.30948696038741,19.193669063698298
-4.307841074819059,19.763441664029177
-4.295644366439147,18.589905907986783
-4.280112618182165,18.1794488858021
-4.274170661146246,18.226214588215157
-4.25396860864311,18.970769942461235
-4.2420722853343324,17.92971206763013
-4.2375026943136165,19.458492884886546
-4.236223415289045,18.63921486299525
-4.236150784250902,17.38629179364898
-4.234996461145277,17.51504195119774
-4.234949295459747,18.23130462100961
-4.2147489471554405,18.572289843022332
-4.212024238128102,18.194298540834765
-4.211411185632553,18.13927487419698
-4.211173098012519,18.07208323165943
-4.191962534434629,17.837136437961927
-4.169603486286288,18.054274267849742
-4.156879437548142,17.971179123100388
-4.152600536796335,18.05624840175722
-4.1457772924631495,18.212594497842158
-4.1200445187779025,17.39160797382583
-4.117250973529421,17.986734989487243
-4.1142094254600305,18.74189365666408
-4.107551215633087,18.306863279529125
-4.096383247724543,17.41380747757772
-4.094274187476584,17.196206399528084
-4.077398751268506,17.281632460800868
-4.067185308054192,17.660440830031455
-4.056225724295844,18.23973039219951
-4.044943206420805,17.882711961482688
-4.043405062943956,16.683796155938293
-4.041412948125259,17.435568831386867
-3.9951014025765974,16.759552252345074
-3.960468885268412,16.24069645998468
-3.9554753428975253,16.45701763413303
-3.942585757399759,17.592826345854114
-3.921710614432521,17.23963922400879
-3.9175471609437054,16.34141553425136
-3.9100291409502863,16.765601547175518
-3.9099882882057857,16.73982284616309
-3.899752099577615,16.705577447881122
-3.898796728221696,16.722660936919073
-3.893009105569065,16.467916714470427
-3.8516258276939253,16.087047393496633
-3.85053018621327,15.789145661772393
-3.8347782772895913,15.178468569702911
-3.812147997503587,15.223754863800572
-3.810736488610252,15.928631534731077
-3.809438600077595,15.821492392653983
-3.7839604659170547,16.013659510175394
-3.779513324395581,16.315966588885043
-3.761901720926255,15.695777900988206
-3.7202990946214,15.779920253232667
-3.704565732036398,15.971477636405867
-3.690411240163595,14.511235729053055
-3.6889600002039256,16.191673053645676
-3.684465684275829,15.042283925697815
-3.681185738323307,13.936614310644323
-3.680350356217539,15.74777515917712
-3.670219645399311,15.105427095673319
-3.649918960542209,15.792472743563751
-3.6453375969679715,14.6071785018129
-3.637214778537329,15.195750336955234
-3.6332356162148316,15.106386462642881
-3.6179955880880774,14.589482677339655
-3.6166621753389783,15.297415011957563
-3.6090784430587086,14.9271020440804
-3.584258064376736,14.661695112968458
-3.5834844629954254,14.184190465834781
-3.5791943240360755,14.829172019714882
-3.5627391099686,14.237560429014632
-3.558971251649817,14.638436819384005
-3.555252883233674,14.259612133973386
-3.54636162145019,14.562064202983985
-3.5341104307961024,14.224424280013483
-3.492100488606135,14.281828111367641
-3.486278298169455,14.864706549900356
-3.4748145276696163,13.487788667578677
-3.4569881856087648,13.062561175741383
-3.456121573864902,14.122148648088698
-3.452337185034269,14.77939711282266
-3.451211298307304,14.095634330626456
-3.4371393642862147,13.726259526716447
-3.43482920433126,14.038636198393935
-3.4347858422347977,13.348641054688628
-3.4049015086832424,13.63271450775197
-3.399438369989708,12.8171055785444
-3.384256403378767,13.526959651702944
-3.378739731970788,13.660259624742352
-3.377538334590371,12.09732484010984
-3.362200591626352,13.423170150458732
-3.338628955161229,13.34963033127134
-3.3254009936554,12.124251041451643
-3.308279766950596,12.747892410173762
-3.2878353907319777,12.155795517557594
-3.267693598411178,13.032909731702
-3.2629242252972235,13.219812191101719
-3.261058284674756,12.555481523715407
-3.223755281170125,12.499704593164006
-3.2202370381199064,11.8737559572301
-3.219050844719381,12.326552313530653
-3.205445136418219,12.452202998541168
-3.2001848751827398,11.832909797418466
-3.1880106347362913,12.584475417983384
-3.1863070354216605,12.755881276111838
-3.1845683753770757,13.164233175080623
-3.163182810066678,11.90417915210298
-3.1620101784787815,11.93152756372074
-3.1601555921567384,12.622635510271673
-3.1184679787729266,12.847766235932374
-3.114905589563295,12.047699916114297
-3.106354543601358,12.487999179556725
-3.102847530112911,12.908686976036034
-3.08631514259994,11.410160861088423
-3.065993637064656,11.314622969536334
-3.059499929345396,11.978159417766095
-3.054159400780636,11.947997633349074
-3.0536302893267386,11.817742294872525
-3.0097288724572655,11.847879423367827
-2.980844486239959,11.178730000864903
-2.979527515689946,10.672234138332058
-2.9676223258572296,11.609187255482006
-2.9653500130914114,11.02062293407473
-2.964853615241567,10.963848398549908
-2.962477506609483,10.91683884323848
-2.9621858266295185,10.881798724786297
-2.961013515555857,11.116566606261227
-2.9374780120993482,12.220347982334399
-2.9320663591619898,12.95385381767264
-2.918619182155088,11.27089113691128
-2.90214444342661,11.047254033315436
-2.8971499561933367,10.759763714586919
-2.8926328238881593,11.653932946981076
-2.8922706625764114,11.201354896721668
-2.8918502655711773,11.627387734445916
-2.8903413003763143,10.737687544474888
-2.8725604967244123,11.107746615248127
-2.867287771744933,10.831522401673864
-2.855029726005344,11.23203436233625
-2.8301639953996363,9.511638660739564
-2.829786327655308,10.237649692773758
-2.79902050354087,9.70344757924037
-2.78882780227745,9.964047827671996
-2.774914706076206,10.028895833374898
-2.771463957699946,10.791710068851778
-2.762611706520274,10.383481737983411
-2.7507395714384453,9.914988052742416
-2.7472930774178206,10.82094360618757
-2.7358385207323233,10.406220201392491
-2.72348503057954,10.068846782253022
-2.711499384527629,9.545151093493757
-2.6921188736851387,9.991811679654703
-2.689345335932339,10.363217461167261
-2.6858365171305723,9.684035974692447
-2.6843638753234824,9.755627575774556
-2.681888627080479,9.662878610675671
-2.681212955950154,10.014029433170686
-2.6773290524838513,9.158628344069706
-2.6627597196612984,10.145836441072923
-2.6570398333691116,9.281179603000535
-2.6554831042969838,10.209829266077387
-2.6537843861640265,10.255724156589512
-2.651349607609496,9.411873349219448
-2.637262331893523,10.707974529931544
-2.6210925979611965,9.40271240771888
-2.620109737875799,9.122647220044852
-2.61351845069047,9.960925981108327
-2.6051774123899007,9.859990553614907
-2.604460314223828,9.623959724964138
-2.601174732580016,9.342599658430533
-2.600866848715011,8.828573470783487
-2.5993795570455425,9.834366003312375
-2.591338453326335,9.638874894232014
-2.5820108001122346,9.835716073917377
-2.581489825469878,9.902556927769064
-2.5731201518535607,9.671564905335714
-2.5678790294137768,9.58753819492736
-2.534993713072514,8.847485694592399
-2.5172697390383147,8.612175820626456
-2.510758263529432,9.219628159547588
-2.487347018341958,9.725730914124703
-2.480978152942458,9.35168678500233
-2.4785930706107684,8.579095719136957
-2.4486116419518167,9.35971030500937
-2.44186784630395,8.512370271067093
-2.4405471938778875,8.447196117428366
-2.4218983616798475,8.821033274553193
-2.3979328898256105,8.300536808136467
-2.395841855747282,8.517165287075136
-2.3910881550477536,8.381298843089544
-2.380469436694187,8.180547395003336
-2.3640000442061107,9.03890684223912
-2.3625961731987086,8.180861338306237
-2.342465394536908,8.101225307263402
-2.336081750388944,8.939712245306865
-2.334525397248167,7.933358424868059
-2.325461877199111,7.751247965816488
-2.3190661184345185,7.4798803125701685
-2.309932341692409,8.738904686343233
-2.3004984095868055,8.011621810207505
-2.2945882037215357,7.629061471900355
-2.2863300087319702,7.659884450134445
-2.2776535970220637,8.157485647505723
-2.2429980990825027,7.866655399033344
-2.238075769337382,8.050399269630315
-2.2268783173656628,8.090975340907244
-2.2228923202058404,7.265907117292043
-2.2182223651246034,8.190719334442814
-2.182334268116919,8.054789037838118
-2.178843241885706,7.892917620547072
-2.158395009645935,6.639529545150857
-2.1421571989074852,7.791927761772868
-2.1404895804860136,7.421875916354821
-2.13565222183439,7.497700841016945
-2.0970823025283902,7.79302035251601
-2.096160366584666,7.354131958637017
-2.0886368447833323,8.144046217704592
-2.06480692579318,7.568793015221932
-2.042354310336454,7.572078168531306
-2.036767165099268,6.2897080038855915
-2.035872891021,7.569185149588795
-2.0311288007271298,7.46218676044465
-2.0239381919028663,6.383050865503823
-2.0097252782993182,7.95828892434238
-1.9861545801892488,7.827760913188015
-1.9781753230355081,5.8896215775204235
-1.9626305437138492,7.56388561724613
-1.9517745778198525,7.019206030269321
-1.9440587354583871,6.774336298017368
-1.9261116410397894,6.656825450202706
-1.9210281023331932,6.78694450117222
-1.8989737241272575,6.750317918021992
-1.8950776453051321,7.047829835551388
-1.890714345879816,6.529564391147699
-1.862597229683517,6.4405401974217344
-1.8470372816925051,5.977575064900987
-1.8365590080395455,7.0007165804191915
-1.8364787526765558,5.620041187383165
-1.834414329149845,6.043227591588843
-1.8235898333881295,6.1524778772622675
-1.819116686961314,7.166663694116052
-1.816242049375637,5.828322409064061
-1.776548575548701,6.956934299956623
-1.768270876828263,5.861786939839383
-1.7547768625444382,5.937988525330739
-1.7543994267244134,6.517335910647794
-1.712226012801561,5.324071682412662
-1.7115818765601787,5.915575439090408
-1.706841875819196,5.980828934563985
-1.6985737128872802,6.670689925996002
-1.6966232946456983,4.458912212431857
-1.687775014497378,6.160928282684526
-1.6814357027161608,7.162860648193043
-1.6652437056043723,5.583229915571578
-1.6408916974222254,6.3472734459378355
-1.6341895090063652,6.437012508269672
-1.6324512594551033,5.800061365000098
-1.6264679107743063,5.5399277389609765
-1.620820231561293,6.413153450796373
-1.5905974025098923,5.5276641537922675
-1.576748845721253,5.405838390320117
-1.569754862441901,4.6477968003909735
-1.5660212360528414,5.5185443658097935
-1.5493013205278594,6.232475632451524
-1.5402277701385758,5.285633193261963
-1.5399244220560537,6.020904860201296
-1.5278650508800429,4.2830568307535675
-1.514104963243138,5.5890180930898765
-1.5097000334220922,4.1468021168882085
-1.4832540591916288,4.628034054910615
-1.4684751116416317,4.332797306512371
-1.4621252214156966,5.167194716142221
-1.4419552918688816,5.627822524475839
-1.4418645553701237,5.823982917916268
-1.4413597863321237,4.829617112719089
-1.4402654255499259,4.601504499336205
-1.4276779038347065,4.975104303343869
-1.4174142897905961,4.632737948191099
-1.4172262066005026,5.098442554985532
-1.4111481882794652,5.693842106984654
-1.3990889441509313,5.226429682498934
-1.3987051583709431,5.825381285061515
-1.3928691089461498,5.331902030403832
-1.39228553422576,3.6649704033017416
-1.3908785073230967,4.715428133934613
-1.3707978319291292,5.494789779554439
-1.3681594712078904,4.152858405510045
-1.3678871751088872,4.385234264836791
-1.3439425669674687,4.669011106028716
-1.310349180671393,4.4908337867781425
-1.3071245388640462,4.119785509314553
-1.3015269427997855,3.591468384035486
-1.2978575126779057,4.341334213678889
-1.2956728603276468,4.211925144269938
-1.2934451908688482,4.975259795078407
-1.258537923510834,4.764482595010758
-1.2449649464266976,4.083483392220887
-1.2351061104184646,4.214266805546694
-1.2284941796863014,4.416980289147411
-1.193566798963882,3.9292778575760865
-1.1852018086278682,3.7014843341974837
-1.1601984305799407,3.959241162369058
-1.1517610696153102,3.7258395170954
-1.1504012576757172,3.320148406041676
-1.1422310974185557,4.675122165478774
-1.118809680743923,3.582431402847929
-1.1179385581771617,3.664594048784352
-1.0946319452914888,3.897739886105926
-1.0923303870786716,3.9855549790467752
-1.065088088364633,3.4996603393448806
-1.0547699982640157,3.6483870357815054
-1.0509577594371056,3.196982366096495
-1.0496974634417766,3.4318338186458934
-1.0263654885320816,3.563281004373137
-1.0233948593685371,4.351101152354481
-1.0159540465464956,4.301171948393808
-1.0149334291760748,3.5173777731373854
-0.9917802647143881,3.6236503253589287
-0.9780602093569857,2.677277395106669
-0.9774949782457254,3.3026158194985946
-0.9744333169977659,3.7575327542957213
-0.9687976143393473,3.644921374535671
-0.9547789611969038,3.2193338466383867
-0.9452786508300115,2.7184761291726964
-0.9372252655407098,3.0491690066450348
-0.9354187974123018,3.2304766857043914
-0.9171263045233624,3.524948229070997
-0.9108803605386784,2.6876663213174443
-0.8996186986788701,3.5306288562659196
-0.8988389495300209,3.6305616254040465
-0.888479263952372,2.9530677067568214
-0.8728923423785984,3.4038565523346724
-0.8699461975993095,2.627647938249617
-0.8695623749011161,3.9919912730157847
-0.8637884770271242,3.3612889511515984
-0.8574935773426795,3.074987879590615
-0.8521469284858052,2.2221054165729117
-0.8497422520234121,4.087377540029873
-0.8128192159052361,3.315157432671797
-0.7992924140822355,3.7254947290718543
-0.7969445380290985,2.077797967915438
-0.7836968383844534,3.0259424270299524
-0.7709988690905001,2.7187498642872447
-0.7645956633339945,2.441021880778849
-0.7603855382286173,2.9343128570829973
-0.7528851436157413,3.650366219411619
-0.7386501252161348,2.727889990860551
-0.7306906807937008,2.394486160316463
-0.7095448187953257,3.578952707395991
-0.7066137611830181,2.254797208070536
-0.7019245524922058,2.714816151518507
-0.6910206121456142,2.258024514657401
-0.6900656138397476,1.6711675776515853
-0.6684652168005323,3.0358096691714938
-0.6499858398203451,2.5577036619805638
-0.6442939168733353,1.935824484494078
-0.6428883044572187,3.3513726464584415
-0.6394800316000793,2.650037012229789
-0.636528786866577,2.376813404717478
-0.6293783545410847,1.8086261590763737
-0.6283218293948689,1.8137455448284128
-0.6147376866285292,2.2750833568142546
-0.5916753871208902,2.9189654007822403
-0.5710212617075494,2.670638768348786
-0.5703670890791701,3.086583995187327
-0.5183886493971468,1.9138083438989273
-0.5139002170029361,1.7767849927584767
-0.5134194863554453,2.639129946334587
-0.5034987548577818,2.029773640527971
-0.48522172634639205,1.9624010206631135
-0.472096426220715,1.8907057141340757
-0.45186262637269103,1.2356676490908933
-0.43595374911885143,1.2112541769105192
-0.4345182359559596,2.1927441971040054
-0.41447987281268417,2.050286456256104
-0.4083812156769073,1.7809388742543315
-0.40274668842834593,1.6144798522427477
-0.39639716829618754,1.0894808504833218
-0.39030935286081037,3.0485824455026647
-0.38263669023092417,2.5766983708397904
-0.37763765256279447,2.16761204716991
-0.36675621555164906,1.9729621804547657
-0.3630777146413888,2.166642260648771
-0.35004885630278815,1.6366935391498094
-0.34287955874865994,1.5851260387846846
-0.34178021602958575,0.953860322362071
-0.337548086464442,1.6829922861501925
-0.3264638617124027,1.480617229791575
-0.31982715881011203,1.5325175825855097
-0.31436683400883236,1.788684519054374
-0.30428974868608294,1.6055685207562302
-0.3041612931453008,2.587950247143973
-0.29676382271508817,1.8388488805591998
-0.28506204199651886,1.975139656935264
-0.2842053591644089,2.1767268088804945
-0.28409753577561037,0.8891352942403977
-0.2481411650475973,1.8784418593155554
-0.2444538638414362,0.7211287701790754
-0.24384390992036487,1.7245512734932609
-0.24029202239333136,1.725201256121302
-0.23039496743168186,1.4134870295020228
-0.22361126773292384,1.3466812012806444
-0.22135939353572165,2.4993177773965334
-0.2093062830294623,0.38681485116672243
-0.19914886896421957,1.5297442708029274
-0.19739683714037892,2.0685126527440487
-0.197368639169746,1.7272167241023826
-0.19073459039595897,1.7868422434005775
-0.1791568507139918,1.6807983532322366
-0.16491927313135535,2.238353965032257
-0.1525416806214286,2.0813462895608037
-0.15182189985234462,2.060066031604148
-0.14606223845164856,1.8014549073418085
-0.134091997143867,2.193551792448928
-0.13223035633651903,2.212089891736343
-0.13125279649375599,0.8284944497122071
-0.11348289817733725,1.6994533936626277
-0.1048519550207605,1.5468260804716891
-0.08936461647155003,1.3290015932098587
-0.08705010729169183,0.3295290801266413
-0.07878065558476699,1.2791857651989038
-0.06781664970522794,1.0048784251177185
-0.06317189690145941,1.1895503533743368
-0.04954347670266035,2.091651330104315
-0.039301772376334476,0.6454144458864718
-0.020827168838901677,0.564408949186409
-0.016570077190893873,0.2665811204484284
0.01944320402696542,1.419874368508391
0.0304771053237618,1.176001298775036
0.05445676409555733,0.5138465971197281
0.057256462063079994,-0.20149773103829516
0.0696204091314312,1.2610577532487817
0.09738961753203546,-0.33438328462568456
0.11006153690432341,0.7684702656258968
0.12363819998964187,0.4625792152627859
0.1325388935963956,0.04883396151277697
0.14207038657013005,-0.22262266349475635
0.14852871173462456,1.0530852447072758
0.15256855222813837,0.15794391717307055
0.16288101582582648,0.48617572236916806
0.16936683032881095,-0.2350576505071552
0.1746644711614198,0.6580747069577483
0.1877659416424482,1.2715541959409458
0.19309870337174462,0.22053242609593005
0.20319509120285018,-0.1397741671449131
0.20427645445249332,1.0903501150579884
0.2074626560817172,0.10576981188775114
0.2131924210431979,0.4866056905658127
0.2140617152370783,0.8286142393071645
0.21744277341709473,0.7911040856236221
0.22112970130803822,0.6088870431893716
0.22127542651052767,1.080446886435033
0.22793463034689987,0.8619045032835853
0.23838747905533864,-0.461687591756075
0.24490088735152238,-0.5900547095137295
0.28356960300983225,0.20391119704420807
0.29439476816898846,1.029463567938947
0.3191710089750077,0.21155261573258421
0.32008030431844303,0.5761358850048557
0.32298120898737626,-0.45186483698877716
0.33086248236953386,0.6318204143966445
0.33177022034265646,0.03805154165234104
0.33539167182417784,0.13343990501392106
0.33956567548416694,0.371120843431637
0.34670671918889506,-0.16792665012699454
0.35137588297895705,-0.08177281774246709
0.3563136075115181,0.3132223490778304
0.37212295402402784,0.6852726190088287
0.3833682535254168,0.1952191207536673
0.385283372563221,0.15809926195853252
0.38911316532107443,0.5809483971325371
0.3921930424179787,0.39049639938540354
0.3924116000874711,0.5702386583887418
0.4052384352341032,-0.12029724600280756
0.4104663248078211,0.49718804613920076
0.41402733395672575,-0.14011456099086161
0.4318266762621292,-0.5000464130054345
0.43932081376019894,0.9685749116293683
0.4406237253431733,-0.2581449541042779
0.44156219117852613,0.1320381727537696
0.4426871140691613,-0.1284543928029418
0.45709040114492505,-0.9687672210991634
0.4572630417939083,-0.2851695329556957
0.5055517639257057,-0.16545255106446077
0.5070086680067609,0.26385220203197335
0.5075896418200654,0.1822317530185116
0.5154297627445359,0.07784132738857286
0.5381556667001264,-0.13310415768567097
0.5399367657891796,-0.6919638190338204
0.5417884919586646,1.0072190828945486
0.5438069543204016,-0.6877705927910234
0.5468352010098687,0.5323791134063085
0.5469654751208208,0.3722013149364086
0.5577188284803924,-0.5937812969863031
0.5617358409953233,-0.47681403118860227
0.5721127836695628,-0.10952731531108675
0.5843974958776654,0.5582254706999439
0.5858523787262848,0.04032106951983368
0.5960333533689322,-0.15700511102902948
0.5989076048551589,0.27479047699981074
0.6105923235433275,0.32218353156439183
0.6218811990072293,0.05743631046962504
0.6243205364997317,0.4053975929401259
0.6418034096323988,0.11564674189635327
0.6526231117263892,-0.12424947459538063
0.6601571051066446,-0.1086551707089989
0.669849040738778,0.05143260209356404
0.6791760687590154,0.423501351858736
0.6868997163150647,0.5804902369894333
0.6872070178503165,0.7751508824569975
0.6888882646744621,-0.20705493891789123
0.6892785235493581,0.22587349073091845
0.691608547357957,0.3818680094556457
0.6929540517441157,0.33459882705649824
0.7023155856796648,-0.28526326072011843
0.707534374111316,-1.5468293683613736
0.7110535768309745,0.4883140265079691
0.7120191714629875,-0.28804860073156563
0.7183407551914645,-0.13786425085636325
0.7294633563319464,0.7923202115200381
0.74768291501487,0.12997710995033585
0.7564052305839253,0.4519338694343851
0.7564740060594366,0.057609752802591785
0.7674337970856593,0.3228380467902034
0.7757988826183682,-0.5744647591659355
0.7905011390590921,-0.7659229109597537
0.8071249888459808,-0.2501635758492742
0.8087358360834951,-0.8540909266807257
0.8101097093238108,-0.7590639536771666
0.8328602521602169,0.5185359720016471
0.8469658030350391,-0.41551790000460564
0.8586105741301908,-0.7848675085680169
0.8647653954254642,-0.15250477690979206
0.8849278304965114,-0.3990609122860838
0.8962198769839436,-0.8884802872111601
0.8974471590837585,-0.24174498573445405
0.9001474090382311,-0.7893751082864515
0.9190515841033486,-0.9907529854935233
0.9220794761691797,-0.17502579086024153
0.9320303441201605,-0.24848931139040376
0.9432313405958226,0.2100519795597885
0.9443942848789111,-0.596704155637431
0.9474754498710225,-0.9149081459231695
0.9526093291644555,-1.3622989073714133
0.9533247319251792,-0.12554019211943224
0.9737366834819128,-0.31303021029139516
0.9861730344582909,-0.18826458474134228
0.987071097483766,0.06357312212270005
0.999204730541613,-0.19963152159815095
1.0275931631292112,-0.7595859916058355
1.0445873985759857,-0.9243724713025203
1.0486439028082206,-0.25252955837095264
1.0591410327634987,-0.9669458750496664
1.0723237279410114,-0.7628296210147096
1.0727975764629383,-0.3365159475052989
1.0991974855653286,-0.2926720196376943
1.100848441549196,-1.1349847276906941
1.101318894670208,-0.5069026918908431
1.1016702439030734,0.7726871568837018
1.1078789623551322,-0.7045807452138053
1.1187476037474786,-0.5167087940936487
1.124762581200679,-0.7030730459211268
1.125932727053811,-1.264779771966809
1.1281822054156698,-0.20823432071970865
1.1627239940796408,-0.7980611410876542
1.1692985716695703,-1.1787430540497583
1.17440847977205,-0.946334220640767
1.199669090532831,-0.300598059648726
1.209409125555836,0.13825122540371626
1.2168095849122706,-0.6299561311699978
1.2175069341977374,-0.4182413689624364
1.2519809438916774,-0.47840131062385216
1.2523674618346248,-0.4238846211136365
1.2755241681494034,-0.5239212078135805
1.2980017672121291,-0.3498398406572208
1.3065067248520656,-0.6407988021563523
1.3348363635590454,-1.0936926227056263
1.3447745389725774,-1.253204260444269
1.3527446342973803,-1.2871147027728753
1.374074535343579,-0.8814247399557037
1.3981668011718673,-1.6693978018869944
1.4048786686777481,-1.3175939600602078
1.4074769017580324,-0.47524348312481907
1.4185312130424654,-0.9836109998738225
1.4209434990699865,-0.130466413041604
1.4219155613753942,-1.2740544260707742
1.423669403945611,-0.46809910250208986
1.432418344517793,-1.0413432494623351
1.4425382297260192,-1.1177581915086139
1.451349934240178,-2.26483393669083
1.4564138537066218,-1.172217458891163
1.4595719099702353,-1.475381910042979
1.4816645982822085,-0.6325815994093068
1.4949062860828177,-0.27987914799737035
1.5018724424865093,-1.469647530468643
1.520432400974021,-0.8774266605647423
1.5323834171879613,-1.71281733000297
1.540187076390691,-0.3178680210015866
1.560467329276951,-1.0788230502854945
1.5641347613835044,-1.2362451593101527
1.601054799972631,-1.99733365299735
1.618737022981479,-1.548204248841476
1.6213746885893532,-1.0700993281409434
1.6573448822852854,-0.7098666155806882
1.6678861013395052,-1.0375001392559906
1.6770066982361487,-0.772193898241162
1.6802202379179787,-2.08365505713381
1.6884956724972033,-1.0022925099638116
1.6890769291585306,-0.843342560201659
1.7047796098139323,-0.415439141069038
1.7051043077874672,-0.718420391076342
1.71710725574853,-0.8652882766831435
1.7226434371470323,-1.2848758667958498
1.7336435820043206,-0.6992691342814116
1.7337413031352678,-1.2366111999577043
1.7421328783851053,-1.527809992973165
1.7433739356009592,-0.5429800805209208
1.765477968928405,-1.4622822886084927
1.7698285082454879,-0.13357830196393528
1.7785543941344495,-1.849270291972661
1.7862664540435924,-1.1372730556497854
1.795908059133674,-0.6037454997218853
1.8112444904142355,-1.2095754953879303
1.8141237342481942,0.19579804373225262
1.8231623870690494,-1.2804337118398594
1.8233503423454978,-0.6744412899755456
1.8341602177563343,-1.185333526154216
1.863358053659152,-1.0268598324258642
1.8688111931808837,-1.0404006046450416
1.8726269084538238,-1.8489722088357392
1.8843367585808102,-0.959359898361268
1.889059148552017,-0.7265512677698743
1.898199053122277,-1.6214466365036286
1.8996311773333996,-1.1252431933468445
1.9348301271811297,-0.9742208182415867
1.9380998783075087,-1.4699305749325655
1.9418660885983552,-1.451643999405423
1.9504291766405057,-0.8213317542850974
1.9678444455158173,-1.824219683550954
1.968941978791049,-1.3660044184552984
1.9702733138440243,-2.0770504323487486
1.9721025905101275,-1.2498799639115987
1.9790976038647579,-1.4064823039648446
1.980810027301002,-1.1010195378563536
1.9810348186061644,-0.7545287351029903
1.9849840141762765,-2.897389321880868
2.003871499974964,-1.2333053313543654
2.0174212018291513,-0.8381494156656102
2.0197835833320186,-0.07482586803315427
2.0279450627060083,-0.709597243113357
2.0307949104885745,-1.2584709427679828
2.0353085422972397,-0.9629354083026366
2.0367796190811713,0.08333018391438851
2.0378863696639824,-1.424538777012318
2.0424134754469203,-0.6685751515191717
2.059774837527284,-0.5647329055625343
2.0599350492207513,-0.07576809945946028
2.0857335352530884,-2.021856938960521
2.0862276767196586,-0.7995109174660922
2.0866877994657784,-1.0427044140309585
2.1084067241978035,-1.363871966626824
2.115169369918944,-1.065886711193919
2.1229609082935106,-1.347993881415808
2.131801765426846,-0.13013224113187716
2.1401070234422015,-0.29446681930400787
2.144937403717715,-0.90370193408709
2.1458456445971374,-1.0320573864297529
2.151143168861868,-1.3558466240289877
2.1970664462607115,-0.8134160403759214
2.207954759031985,-1.167984707973024
2.2091737534639755,-1.2807261277785145
2.218415669790781,-1.943747691445099
2.235141657572247,-0.8842243280743818
2.2358206819647797,-0.6442420125135384
2.237087836068148,-0.7688872786882949
2.2467230239342975,-1.6874312120290327
2.2521114818820944,-0.6547881543385197
2.257623347730482,-0.6527211700656851
2.2587323209263688,-0.24733551058671377
2.25928521557024,-0.45434281060818604
2.2619396869726205,-0.4196192860039374
2.266585839473393,-0.1707972793279443
2.271209789575664,-0.9588407245695083
2.297116712268994,-1.4044181957716284
2.3090568892009067,-1.0317023177195828
2.3216255781688444,-0.8655618857484273
2.333319737519215,-0.9778876763724932
2.3429034474701407,-0.46638227634822976
2.348349946071836,-0.5078579509831402
2.350579248195952,-0.07453260844268517
2.3538624913697372,-0.8926821811818783
2.358503044793292,-1.1625046694532002
2.3709858116880014,-1.459526704633939
2.37833267994504,-0.789384303567868
2.385514665674784,-0.6547447818560561
2.3860551248581006,-1.464476076358209
2.397233090545158,-0.6888161121946967
2.401433764801957,-0.9905398781744751
2.4163402676591805,-0.7257528752459912
2.4326449241861536,-2.249618487230973
2.4418769118207004,0.258681821231872
2.4462986825241795,-0.5759649641047395
2.4468853588547725,-0.6446970043717539
2.47399679924197,-0.6832007093803595
2.4871899152443335,-1.9440715740401293
2.4889411866290665,-0.5215027923901205
2.493766171379872,-0.9765060250928408
2.5026634451510588,-0.5470301778205595
2.5169967901754706,-0.9139541609217894
2.5473591422269504,0.06660812389345738
2.5518142205562455,-1.2841902667154392
2.5759832625179016,-1.6014395652520652
2.578709582745243,-1.0376324019987015
2.5795318238668075,-0.7757072337073599
2.580742965232191,-1.0661464565800038
2.5839793926842445,-1.1788597055061518
2.587590890508231,-0.878965021364906
2.6014001202375003,-1.0294465567525792
2.63066006187152,-0.9300777776233877
2.645935460444223,-0.9066771499784368
2.6480111687002914,-1.1087072950553334
2.659115315060286,-0.9022516490926027
2.6610455027677005,-1.1725909655715134
2.664788729922145,-1.120142120991305
2.6706408877087187,-1.4730109923274495
2.6715310895756907,-1.1034648626803778
2.6716487232055606,-0.8197562103218975
2.6740662827592807,-0.9537425776699022
2.7273108994661843,-1.0257013805509345
2.732260633139312,-0.28675776938665654
2.7335077104713355,-0.9659278959367896
2.7371383432470306,-1.4769853984119017
2.7820257738970113,-0.2783972833141174
2.788350936582087,-1.3475543410270026
2.8024993844608383,-1.0493789975230903
2.803742856788871,-0.43763391042689925
2.8055643425992702,-0.8668537550236998
2.810826148796366,-0.6100997997278468
2.8211051129961975,-0.9135694225999264
2.8228940101009425,-0.7595852389996164
2.851095683814795,-0.36797048383587366
2.8659722392851594,-1.2105872285761037
2.866133794675565,-1.4698598327252723
2.8836765628242675,-0.09121350399487982
2.8894752378052537,-1.141812634899659
2.8908414670275864,-0.865007256033216
2.8946642983545026,-0.5736245794426857
2.8947941942711997,-0.7443453965845304
2.899829093061219,-0.6600649922716424
2.907106172009554,-1.0981229242042856
2.9130046982484226,-1.0155843259850805
2.921305692187497,0.008056046473829848
2.945650155790318,-0.4251288335996255
2.968453059433167,-1.0922099513242798
3.001333444005848,-0.7503454783967816
3.041171697906766,-0.034921157210163034
3.0425921169694767,-0.5781831979009829
3.0551786552956948,-1.6647288473037216
3.0790850960394334,-0.6765211796242447
3.0892761777203983,0.08957417105445775
3.1269501379736644,-1.196261436472438
3.1318568893665244,-1.427026986518268
3.135533547187903,-0.69986137311503
3.138786837565659,-0.5405791904457781
3.1475378311358213,0.2665877172921186
3.1546637064264473,-0.6073425860806921
3.1735866996683737,-0.48485617620139077
3.1809892715025603,-1.105791127501452
3.2011046026476677,-0.2645137954127723
3.202272971636282,0.6236547604663399
3.2362239031580806,0.15383011900839083
3.2521019127498207,-0.9343853150130406
3.2527827112915486,0.2555386742520159
3.2839577264154816,-0.291320609681074
3.2841439941770245,-0.37764706441111884
3.309713282094222,-0.339469363194424
3.309811140028005,-0.2288490877483289
3.3124170368608583,-0.665335412143253
3.331021210639941,0.7312215459702941
3.3410958393021737,0.7421688422773388
3.4041732387825805,-0.3360973776987056
3.404842582863904,0.9238738065952912
3.42269659486631,0.38475912287124414
3.426174934744778,-0.14446360147734946
3.4290251089966004,-0.705198790992857
3.4290613730237762,0.381443221239243
3.4410087272462486,-0.7238004355393042
3.453838006225868,-0.10177033879424849
3.4545196150075554,0.009735895007453123
3.4602965057675683,-0.19925044924452068
3.463564394804063,-0.46704786498905204
3.4741396428036997,1.5054202043578726
3.4913573974258227,0.9251714192627768
3.494403583974367,0.3281105828363176
3.4982923207725216,-1.383200467722084
3.501226702122544,0.2801799667001631
3.503505488364195,0.05907547361110181
3.5129026844394473,0.039286898365820735
3.535320020120686,0.8435129158939986
3.5486679128128773,0.11749524566393167
3.5553975331600784,-0.22960659438258785
3.55738553072112,1.440122590536315
3.5602504724610515,0.23885558524710904
3.563853800349995,1.118634303649177
3.6159839055620244,0.8225782088609581
3.634411672321031,0.5906909081620406
3.6463272431723515,0.8407307948798324
3.651522004873745,0.6934543011782217
3.655746998298012,0.10566675456512353
3.65910160034135,1.2604024158336604
3.660718101906728,0.11075638249841696
3.6757566618959436,0.6974157683186107
3.677509559255696,0.26812354823958917
3.6786985076619896,0.10082750048429473
3.6801948923873793,0.33979771006869364
3.7030877034413736,0.40204543105026086
3.709628721309639,0.43536881864274257
3.7285853042259633,0.28960021999936925
3.730080137317575,-0.00777855824331708
3.743613696400349,0.9911061634939013
3.7464521537084194,0.26910791479670637
3.752361366179592,0.5119847808432031
3.782685788373865,0.05192557230788486
3.782893146726086,1.5416032060888232
3.7871143727640244,0.998020017756313
3.8856934771955984,0.2777689283981517
3.8868345128680915,0.061581264299880645
3.8886591358617517,0.8377461021717519
3.9123285387666726,0.8394495237890057
3.9228494824441174,0.6486842775646415
3.926849401581861,0.7870470496318644
3.9302744504328424,0.5570727796428527
3.930519833495266,0.11786923795715731
3.97649984665708,2.065399707764466
3.989921031330863,1.0877392723691994
4.002551630343118,2.059954304318735
4.006448346517951,1.475032135621893
4.012322500568146,0.33576888547221684
4.022491246412455,1.135317643698013
4.025777435391882,1.8058481180564443
4.033076314669755,0.5869419670166968
4.054524482130857,0.4402422852465684
4.059026089550199,1.1977722179411654
4.072186304334309,1.7044799017800072
4.076966928447425,0.4230964675861886
4.087089439357009,0.8736982307010712
4.092964909509237,2.0117652643586115
4.1156510469757634,0.9731617408060481
4.117027883215996,1.018279204854995
4.121797884808736,1.2144282841412635
4.125181848008261,1.5921285170399506
4.148737970508782,1.529845157862467
4.150229352602448,0.8962163115013444
4.1579942531438965,1.5983066865835558
4.1580112717869175,0.8346616102885189
4.1600477995616085,1.4034059168213622
4.180661298107235,1.6845443462385863
4.21098897507131,0.7642580335743662
4.234899298744551,2.142654245108442
4.235699994018356,1.7727475090743097
4.2368387905407445,1.1680275239903382
4.247340910132026,1.9269379126592647
4.253045840468673,1.7277501367465136
4.255371601843569,1.0027910955864245
4.256640611444762,1.6345604732906556
4.263238045702441,1.2964224848117731
4.266989993790552,1.9445912685274072
4.287461539908416,1.9480147090636881
4.30034589527632,2.422837720901079
4.305292693490443,1.080995027744696
4.3053113018479605,1.6108087570125917
4.320189755616685,1.3366878021159199
4.33175807445923,2.222633914429891
4.348933550065693,1.0711931500547207
4.3690979670916334,2.0644912615604465
4.377634668716679,1.6086391182849342
4.377976453217447,1.1817685284744597
4.383029375593831,1.9150347041275992
4.384417232673627,1.7573992822249749
4.385688814054536,1.382966358424067
4.396257960660499,1.9920943982838244
4.411174267263335,2.5154872482052184
4.422885042488165,1.0511550071922113
4.424945333818654,1.534668636415258
4.433800238183441,1.0200526847879532
4.441338678848662,1.723210488950405
4.44654408550405,2.16742268259326
4.452963604992227,2.182358187082251
4.453651895793857,1.579417180003752
4.457004745573931,2.0332025773915174
4.458778853771502,2.4301812476557854
4.45893744098589,1.4472337614612825
4.497654375660277,2.4268671422401344
4.503942797752034,2.0213089935384545
4.516278721601235,1.8320301095175184
4.51689436876014,1.8834826739233401
4.518465362109226,2.1099116328963716
4.523581368320083,1.940124065889621
4.532025649851999,1.926986831798163
4.537666966153154,2.098406649036281
4.5409788084792275,1.6876440669738386
4.572313175769405,2.6441670754622573
4.5775907694394435,2.254206444403939
4.59239238359741,2.24474152966201
4.613197425186259,2.627690682718718
4.625504968659237,2.592632846930715
4.646342355190706,3.3714395453800097
4.651950654593678,1.8314649912812004
4.654291387043612,2.4069497533734276
4.656962147328747,1.9925497998787152
4.682355368500033,2.113964818095785
4.696910261884093,2.022547516882549
4.702291192146165,1.9910922844998067
4.705512384442923,2.6182571289936463
4.7081179669690885,3.6637040727432932
4.715563807284776,2.591191893281712
4.719343704821912,2.478902862746131
4.747931929760686,2.67393169044691
4.752721645250476,2.4426666496483675
4.762037864760215,2.127736749109039
4.781250267668162,3.27174775676005
4.784761558024414,2.1598632520777024
4.789678915553447,2.7940373739357685
4.795987948485358,2.970042060910459
4.805875823549554,2.516129888659169
4.819912593887269,2.7718854055347344
4.845782482022751,2.8565136610879245
4.85769157772631,2.790451289871942
4.871498627529357,2.2659725167716878
4.918451810970723,3.7770108799692936
4.9220670785863065,3.0547199469041986
4.925197043222813,2.8542147914015104
4.926984133573357,2.8481645667667506
4.935687483883331,3.489444228754006
4.937968522378532,4.030463004085033
4.93935184240566,3.459224703593979
4.943163570221372,3.372765652885498
4.946897914862194,3.4231947535421217
4.94754643526358,2.8200918961194246
4.974884783543789,3.8576673441255322
4.98498734923888,3.7801452599631356
4.988944404260165,3.361657809369711
4.99812405666154,3.4216690183974903
